{
    "name": "DSA1-HK252",
    "build": {
        "dockerfile": "Dockerfile"
    },
    "settings": {
        "terminal.integrated.shell.linux": "/bin/bash"
    },
    "extensions": [
        "ms-vscode.cpptools",
        "ms-vscode.cmake-tools",
        "ms-vscode.cpptools-themes",
        "aaron-bond.better-comments",
        "vscode-icons-team.vscode-icons"
    ],
    "workspaceFolder": "/workspaces/template",
    "workspaceMount": "source=${localWorkspaceFolder},target=/workspaces/template,type=bind",
    "runArgs": [
        "--name=DSA1-HK252",
        "--cap-add=SYS_PTRACE",
        "--security-opt",
        "seccomp=unconfined"
    ],
    "postStartCommand": "bash .devcontainer/banner.sh",
    "remoteUser": "root"
}