{
    "version": "2.0.0",
    "tasks": [
        {
            "label": "VOTIEN_DSA2_HK251",
            "type": "shell",
            "command": "g++",
            "args": [
                "-std=c++17",
                "-g",
                "-Isrc",
                "-I.",
                "main.cpp",
                "tests/*.cpp",
                "-o",
                "main_debug"
            ],
            "group": {
                "kind": "build",
                "isDefault": true
            },
            "problemMatcher": [
                "$gcc"
            ]
        }
    ]
}